<?xml version="1.0" encoding="UTF-8"?>

<!DOCTYPE bookstore [
<!ELEMENT bookstore (book+)>
<!ELEMENT book (title, author, year, price, category)>
<!ELEMENT title (#PCDATA)>
<!ELEMENT author (#PCDATA)>
<!ELEMENT year (#PCDATA)>
<!ELEMENT price (#PCDATA)>
<!ELEMENT category (#PCDATA)>
]>

<bookstore>
    <book>
        <title>Everyday Italian (English)</title>
        <author>Giada De Laurentiis</author>
        <year>2005</year>
        <price>30.00</price>
        <category>cooking</category>
    </book>
    <book>
        <title>Harry Potter (English)</title>
        <author>J K. Rowling</author>
        <year>2005</year>
        <price>29.99</price>
        <category>children</category>
    </book>
    <book>
        <title>XQuery Kick Start (English)</title>
        <author>James McGovern
                Per Bothner
                Kurt Cagle
                James Linn
                Vaidyanathan Nagarajan</author>
        <year>2003</year>
        <price>49.99</price>
        <category>web</category>
    </book>
    <book>
        <title>Learning XML (English)</title>
        <author>Erik T. Ray</author>
        <year>2003</year>
        <price>39.95</price>
        <category>Web (paperback)</category>
    </book>
</bookstore>