<?xml version="1.0" encoding="UTF-8"?>

<!DOCTYPE botanico [
<!ELEMENT botanico (planta+)>
<!ELEMENT planta (common_name, botanical_name, zone, light, price, availability)>
<!ELEMENT common_name (#PCDATA)>
<!ELEMENT botanical_name (#PCDATA)>
<!ELEMENT zone (#PCDATA)>
<!ELEMENT light (#PCDATA)>
<!ELEMENT price (#PCDATA)>
<!ELEMENT availability (#PCDATA)>
]>

<botanico>
    <planta>
        <common_name>Bloodroot</common_name>
        <botanical_name>Sanguinaria canadensis</botanical_name>
        <zone>4</zone>
        <light>Mostly Shady</light>
        <price>$2.44</price>
        <availability>031599</availability>
    </planta>
    <planta>
        <common_name>Butterfly Weed</common_name>
        <botanical_name>Asclepias tuberosa</botanical_name>
        <zone>Annual</zone>
        <light>Sunny</light>
        <price>$2.78</price>
        <availability>063099</availability>
    </planta>
    <planta>
        <common_name>Columbine</common_name>
        <botanical_name>Aquilegia canadensis</botanical_name>
        <zone>3</zone>
        <light>Mostly Shady</light>
        <price>$9.37</price>
        <availability>030699</availability>
    </planta>
    <planta>
        <common_name>Marsh Marigold</common_name>
        <botanical_name>Caltha palustris</botanical_name>
        <zone>4</zone>
        <light>Mostly Sunny</light>
        <price>$6.81</price>
        <availability>051799</availability>
    </planta>
    <planta>
        <common_name>Dutchman's-Breeches</common_name>
        <botanical_name>Dicentra cucullaria</botanical_name>
        <zone>3</zone>
        <light>Mostly Shady</light>
        <price>$6.44</price>
        <availability>012099</availability>
    </planta>
</botanico>