<?xml version="1.0" encoding="UTF-8"?>

<!DOCTYPE catalog [
<!ELEMENT catalog (song+)>
<!ELEMENT song (title, artist, country, company, price, year)>
<!ELEMENT title (#PCDATA)>
<!ELEMENT artist (#PCDATA)>
<!ELEMENT country (#PCDATA)>
<!ELEMENT company (#PCDATA)>
<!ELEMENT price (#PCDATA)>
<!ELEMENT year (#PCDATA)>
]>

<catalog>
    <song>
        <title>Empire Burlesque</title>
        <artist>Bob Dylan</artist>
        <country>USA</country>
        <company>Columbia</company>
        <price>10.90</price>
        <year>1985</year>
    </song>
    <song>
        <title>Hide your heart</title>
        <artist>Bonnie Tyler</artist>
        <country>UK</country>
        <company>CBS Records</company>
        <price>9.90</price>
        <year>1988</year>
    </song>
    <song>
        <title>Greatest Hits</title>
        <artist>Dolly Parton</artist>
        <country>USA</country>
        <company>RCA</company>
        <price>9.90</price>
        <year>1982</year>
    </song>
    <song>
        <title>Still got the blues</title>
        <artist>Gary Moore</artist>
        <country>UK</country>
        <company>Virgin records</company>
        <price>10.20</price>
        <year>1990</year>
    </song>
    <song>
        <title>One night only</title>
        <artist>Bee Gees</artist>
        <country>UK</country>
        <company>Polydor</company>
        <price>10.90</price>
        <year>1998</year>
    </song>
</catalog>