<?xml version="1.0" encoding="UTF-8"?>

<?xml-stylesheet href="editorialstyle.css"?>

<!DOCTYPE informe[
<!ELEMENT informe (heading, body)>
<!ELEMENT heading (title, content, description, date)>
<!ELEMENT title (#PCDATA)>
<!ELEMENT content (#PCDATA)>
<!ELEMENT description (#PCDATA)>
<!ELEMENT date (#PCDATA)>
<!ELEMENT body (parte+)>
<!ELEMENT parte (region, terminos, sold_books)>
<!ELEMENT region (#PCDATA)>
<!ELEMENT terminos (tablat)>
<!ELEMENT tablat (term+)>
<!ELEMENT term (#PCDATA)>
<!ELEMENT sold_books (tablas)>
<!ELEMENT tablas (book+)>
<!ELEMENT book (#PCDATA)>
]>

<informe>
    <heading>
        <title>Aranda Editorial</title>
        <content>Regional sales report</content>
        <description>sales report for the North, Central and South regions</description>
        <date>30/12/2018</date>
    </heading>
    <body>
        <parte>
            <region>North</region>
            <terminos>
            <tablat>
                <term>1</term>
                <term>2</term>
                <term>3</term>
                <term>4</term>
            </tablat>
            </terminos>
            <sold_books>
            <tablas>
                <book>24000</book>
                <book>38600</book>
                <book>NO_INFO</book>
                <book>NO_INFO</book>
            </tablas>
            </sold_books>
        </parte>
        <parte>
            <region>Center</region>
            <terminos>
            <tablat>
                <term>1</term>
                <term>2</term>
                <term>3</term>
                <term>4</term>
            </tablat>
            </terminos>
            <sold_books>
            <tablas>
                <book>NO_INFO</book>
                <book>16080</book>
                <book>25000</book>
                <book>29000</book>
            </tablas>
            </sold_books>
        </parte>
        <parte>
            <region>South</region>
            <terminos>
            <tablat>
                <term>1</term>
                <term>2</term>
                <term>3</term>
                <term>4</term>
            </tablat>
            </terminos>
            <sold_books>
            <tablas>
                <book>27000</book>
                <book>31400</book>
                <book>40100</book>
                <book>30000</book>
            </tablas>
            </sold_books>
        </parte>
    </body>
</informe>