subject_id,course_id,name,acronym,hours
0369,1,Implantació de Sistemes Operatius en Xarxa,ISO,224
0370,1,Planificació i administració de xarxes,PAX,192
0371,1,Fonaments de maquinari,FHW,96
0373,1,Llenguatge de marques i sistemes de gestió d'informació,LLM,96
0374,1,Administració de sistemes operatius,ASO,120
0375,1,Serveis de xarxa i Internet,SXI,120
0376,1,Implantació d'aplicacions web,IAW,100
0377,1,Administració de sistemes gestors de bases de dades,SGBD,60
0378,1,Seguretat i alta disponibilitat,SAD,100
0380,1,Formació i Orientació Laboral,FOL,96
0473,3,Llenguatge de marques i sistemes de gestió d'informació,LLM,96
0483,3,Sistemes Informàtics,SI,160
0484,3,Bases de Dades,DBA,160
0485,3,Programació,PRG,256
0487,3,Entorns de Desenvolupament,IDE,96
0580,2,Formació i Orientació Laboral,FOL,96
0612,3,Desenvolupament Web en Entorn Client,DFT,140
0613,3,Desenvolupament Web en Entorn Servidor,DBK,160
0614,3,Desplegament d’Aplicacions Web,DPL,96
0616,3,Projecte de Desenrotllament d'Aplicacions Web,PRJ,40
0680,3,Formació i Orientació Laboral,FOL,96
0780,4,Formació i Orientació Laboral,FOL,96
