DNI,name,surname,phone,birth_date,personal_email,corporate_email
10665353T,Natàlia,Moll,673418494,1997-02-28,nmoll@gmail.com,natmol@alu.iesserpis.org
12231990S,Neus,Buigues,652534380,1995-10-21,nbuigues@gmail.com,neubui@alu.iesserpis.org
13996767W,Jordi,Mas,610581718,2001-05-21,jmas@gmail.com,jormas@alu.iesserpis.org
14116988W,Raquel,Ramos,698876274,1997-03-25,rramos@gmail.com,raqram@alu.iesserpis.org
17577871Y,Àngel,Ginestar,656660443,2000-03-21,aginestar@gmail.com,anggin@alu.iesserpis.org
18820800S,David,Fullana,691028684,1999-12-15,dfullana@gmail.com,davful@alu.iesserpis.org
21294173Z,Nerea,Mas,646968990,1990-04-18,nmas@gmail.com,nermas@alu.iesserpis.org
21813466J,Núria,Fullana,608314560,1998-06-06,nfullana@gmail.com,nurful@alu.iesserpis.org
23069910J,Jesús,Bertomeu,648343030,1996-02-29,jbertomeu@gmail.com,jesber@alu.iesserpis.org
27373671Z,Albert,Noguera,647971446,1990-05-14,anoguera@gmail.com,albnog@alu.iesserpis.org
27576751G,Joan,Buigues,629480982,2002-02-17,jbuigues@gmail.com,joabui@alu.iesserpis.org
29058617A,Raquel,Sánchez,680589965,1993-06-07,rsanchez@gmail.com,raqsan@alu.iesserpis.org
31365991V,Isabel,Noguera,607527153,1991-02-25,inoguera@gmail.com,isanog@alu.iesserpis.org
54721019V,Pere,Ginestar,657769354,1996-11-10,pginestar@gmail.com,pergin@alu.iesserpis.org
65160132M,Carme,Ivars,660523868,2000-03-22,civars@gmail.com,cariva@alu.iesserpis.org
67367506T,Eduard,Ramos,666822296,1992-03-12,eramos@gmail.com,eduram@alu.iesserpis.org
74786142D,Lorena,Peris,681708620,1994-06-06,lperis@gmail.com,lorper@alu.iesserpis.org
77519408R,Marc,Fullana,669452864,1991-10-20,mfullana@gmail.com,marful@alu.iesserpis.org
84354002F,Eduard,Sánchez,667931867,1995-10-10,esanchez@gmail.com,edusan@alu.iesserpis.org
98466350S,Emma,Ginestar,665800526,1995-08-21,eginestar@gmail.com,emmgin@alu.iesserpis.org
